{
  "accuracy": [
    0.9173406958580017,
    0.9742801785469055,
    0.9778388738632202,
    0.9860886335372925,
    0.9849563241004944,
    0.8456810116767883,
    0.9496926665306091,
    0.9636040329933167,
    0.9742801785469055
  ],
  "loss": [
    0.27240049839019775,
    0.08192086219787598,
    0.06600697338581085,
    0.04395300894975662,
    0.037122391164302826,
    0.5604351758956909,
    0.26098397374153137,
    0.178030326962471,
    0.1409413069486618
  ],
  "val_accuracy": [
    0.9773414134979248,
    0.9788519740104675,
    0.9864048361778259,
    0.9886707067489624,
    0.9848942756652832,
    0.9561933279037476,
    0.9697884917259216,
    0.976586103439331,
    0.981873095035553
  ],
  "val_loss": [
    0.07037858664989471,
    0.058378007262945175,
    0.03685948997735977,
    0.03070148080587387,
    0.044480253010988235,
    0.15954315662384033,
    0.12399568408727646,
    0.10287624597549438,
    0.0851961150765419
  ],
  "learning_rate": [
    0.0010000000474974513,
    0.0010000000474974513,
    0.0010000000474974513,
    0.0010000000474974513,
    0.0010000000474974513,
    9.999999747378752e-06,
    9.999999747378752e-06,
    4.999999873689376e-06,
    4.999999873689376e-06
  ]
}