{
  "accuracy": [
    0.865900993347168,
    0.957780659198761,
    0.97039794921875,
    0.9728243350982666,
    0.9770300984382629,
    0.9323843121528625,
    0.9652215838432312,
    0.9723390340805054,
    0.9792947173118591,
    0.9809123277664185,
    0.9835004806518555,
    0.984794557094574,
    0.9835004806518555,
    0.9880297780036926,
    0.9868974685668945
  ],
  "loss": [
    0.45371484756469727,
    0.17594186961650848,
    0.12592309713363647,
    0.1012580469250679,
    0.08821180462837219,
    0.22213385999202728,
    0.13016043603420258,
    0.09770157933235168,
    0.07818572223186493,
    0.0676506832242012,
    0.05864822864532471,
    0.05027858540415764,
    0.05387226119637489,
    0.04012608900666237,
    0.03999942168593407
  ],
  "val_accuracy": [
    0.9365558624267578,
    0.9592145085334778,
    0.9652568101882935,
    0.9750755429267883,
    0.9728096723556519,
    0.9592145085334778,
    0.9690332412719727,
    0.9750755429267883,
    0.981117844581604,
    0.9864048361778259,
    0.9864048361778259,
    0.9856495261192322,
    0.9879153966903687,
    0.9901812672615051,
    0.9916918277740479
  ],
  "val_loss": [
    0.23535408079624176,
    0.14783455431461334,
    0.12487491965293884,
    0.09928048402070999,
    0.09706444293260574,
    0.10861069709062576,
    0.08647111058235168,
    0.06950139254331589,
    0.05645081028342247,
    0.04792339354753494,
    0.04295546934008598,
    0.03792374208569527,
    0.0333578884601593,
    0.03233645483851433,
    0.027825424447655678
  ],
  "learning_rate": [
    0.0010000000474974513,
    0.0010000000474974513,
    0.0010000000474974513,
    0.0010000000474974513,
    0.0010000000474974513,
    9.999999747378752e-06,
    9.999999747378752e-06,
    9.999999747378752e-06,
    9.999999747378752e-06,
    9.999999747378752e-06,
    9.999999747378752e-06,
    9.999999747378752e-06,
    9.999999747378752e-06,
    9.999999747378752e-06,
    9.999999747378752e-06
  ]
}