Severity,Count,Accuracy,Macro_F1
mild,569,0.9859402460456942,0.7436518330154693
moderate,299,0.9966555183946488,0.748868778280543
severe,221,0.9592760180995475,0.7342741522385001
