Model,Parameters_M,Model_Size_MB,Avg_Inference_Time_sec_per_image
MobileNetV3Small_CBAM,1.025119,5.145058631896973,0.005465121008455753
MobileNetV3Small_SE,1.02502,5.121659278869629,0.0055757127702236176
MobileNetV3Small_baseline,0.941428,4.148263931274414,0.0056548574939370155
EfficientNetB0_CBAM,4.465834,21.052292823791504,0.006126060150563717
EfficientNetB0_baseline,4.054695,33.92558002471924,0.009987038560211658
ResNet50_baseline,23.595908,205.0000286102295,0.010044205002486706
