{
  "accuracy": [
    0.8891944289207458,
    0.9775153398513794,
    0.9877062439918518,
    0.9886767864227295,
    0.9912649393081665,
    0.8220640420913696,
    0.9377224445343018,
    0.9613393545150757,
    0.9716920256614685
  ],
  "loss": [
    0.34055137634277344,
    0.0799015536904335,
    0.04248492792248726,
    0.03473681956529617,
    0.027727317065000534,
    0.6426087617874146,
    0.18184511363506317,
    0.10992148518562317,
    0.0824468582868576
  ],
  "val_accuracy": [
    0.9652568101882935,
    0.9750755429267883,
    0.9780966639518738,
    0.9780966639518738,
    0.9916918277740479,
    0.9750755429267883,
    0.9697884917259216,
    0.9780966639518738,
    0.9773414134979248
  ],
  "val_loss": [
    0.08995044231414795,
    0.06159396842122078,
    0.044821929186582565,
    0.045800864696502686,
    0.031176947057247162,
    0.06807280331850052,
    0.08915591984987259,
    0.07359498739242554,
    0.06123695522546768
  ],
  "learning_rate": [
    0.0010000000474974513,
    0.0010000000474974513,
    0.0010000000474974513,
    0.0010000000474974513,
    0.0010000000474974513,
    9.999999747378752e-06,
    9.999999747378752e-06,
    4.999999873689376e-06,
    4.999999873689376e-06
  ]
}