{
  "accuracy": [
    0.7976382970809937,
    0.9346489906311035,
    0.9538984298706055,
    0.9613393545150757,
    0.9645745754241943,
    0.7175671458244324,
    0.8720479011535645,
    0.9110320210456848,
    0.9318990707397461
  ],
  "loss": [
    0.5671645998954773,
    0.22476604580879211,
    0.16440579295158386,
    0.1326809674501419,
    0.11981039494276047,
    0.9566302299499512,
    0.3744436800479889,
    0.25600090622901917,
    0.19959989190101624
  ],
  "val_accuracy": [
    0.920694887638092,
    0.9569486379623413,
    0.9599697589874268,
    0.9637462496757507,
    0.9607250690460205,
    0.9592145085334778,
    0.9546827673912048,
    0.9569486379623413,
    0.9592145085334778
  ],
  "val_loss": [
    0.2444775104522705,
    0.14855436980724335,
    0.11978428065776825,
    0.10262191295623779,
    0.10661499202251434,
    0.11098967492580414,
    0.13033856451511383,
    0.12271007895469666,
    0.115557000041008
  ],
  "learning_rate": [
    0.0010000000474974513,
    0.0010000000474974513,
    0.0010000000474974513,
    0.0010000000474974513,
    0.0010000000474974513,
    9.999999747378752e-06,
    9.999999747378752e-06,
    4.999999873689376e-06,
    4.999999873689376e-06
  ]
}