{
  "accuracy": [
    0.900355875492096,
    0.9715302586555481,
    0.9765447974205017,
    0.9813976287841797,
    0.9872209429740906,
    0.8582983016967773,
    0.9437075257301331,
    0.9626334309577942,
    0.9653833508491516
  ],
  "loss": [
    0.31162458658218384,
    0.09035272151231766,
    0.06608615070581436,
    0.051748599857091904,
    0.042958881705999374,
    0.4349084198474884,
    0.15761610865592957,
    0.11900133639574051,
    0.1118476465344429
  ],
  "val_accuracy": [
    0.9697884917259216,
    0.981873095035553,
    0.9675226807594299,
    0.9690332412719727,
    0.9712991118431091,
    0.9592145085334778,
    0.9493957757949829,
    0.9577039480209351,
    0.9607250690460205
  ],
  "val_loss": [
    0.09238817542791367,
    0.051187820732593536,
    0.08439063280820847,
    0.07462365180253983,
    0.06797385215759277,
    0.11461421847343445,
    0.14037926495075226,
    0.12451165914535522,
    0.11686708778142929
  ],
  "learning_rate": [
    0.0010000000474974513,
    0.0010000000474974513,
    0.0010000000474974513,
    0.0010000000474974513,
    0.0005000000237487257,
    9.999999747378752e-06,
    9.999999747378752e-06,
    4.999999873689376e-06,
    4.999999873689376e-06
  ]
}