{
  "accuracy": [
    0.898900032043457,
    0.9737948775291443,
    0.9796182513237,
    0.9877062439918518,
    0.9867357015609741,
    0.9441928267478943,
    0.9886767864227295,
    0.9920737743377686,
    0.99077969789505,
    0.9966030120849609,
    0.9966030120849609,
    0.9969265460968018,
    0.9967647790908813,
    0.9982206225395203,
    0.9982206225395203
  ],
  "loss": [
    0.3001166582107544,
    0.0932713970541954,
    0.06636093556880951,
    0.0472598560154438,
    0.04442010819911957,
    0.16824373602867126,
    0.03843477740883827,
    0.02450193092226982,
    0.023624317720532417,
    0.01174155529588461,
    0.013106465339660645,
    0.009822001680731773,
    0.011307738721370697,
    0.006410033442080021,
    0.0055448804050683975
  ],
  "val_accuracy": [
    0.9607250690460205,
    0.9652568101882935,
    0.9690332412719727,
    0.9780966639518738,
    0.981117844581604,
    0.981873095035553,
    0.9826284050941467,
    0.9886707067489624,
    0.9916918277740479,
    0.9932023882865906,
    0.9924471378326416,
    0.9962235689163208,
    0.9947130084037781,
    0.9947130084037781,
    0.995468258857727
  ],
  "val_loss": [
    0.11210636049509048,
    0.09833787381649017,
    0.07863064110279083,
    0.05663682892918587,
    0.049410153180360794,
    0.05207514017820358,
    0.03916672244668007,
    0.025595132261514664,
    0.01726045459508896,
    0.01555295754224062,
    0.016324594616889954,
    0.01141585223376751,
    0.014973600395023823,
    0.0160415880382061,
    0.014059510082006454
  ],
  "learning_rate": [
    0.0010000000474974513,
    0.0010000000474974513,
    0.0010000000474974513,
    0.0010000000474974513,
    0.0010000000474974513,
    9.999999747378752e-06,
    9.999999747378752e-06,
    9.999999747378752e-06,
    9.999999747378752e-06,
    9.999999747378752e-06,
    9.999999747378752e-06,
    9.999999747378752e-06,
    9.999999747378752e-06,
    9.999999747378752e-06,
    4.999999873689376e-06
  ]
}